stat,acc_x,acc_y,acc_z,gyro_x,gyro_y,gyro_z
min,-39.13261,-38.92137,-31.50025,-11.62605,-12.19817,-6.345545
max,39.26,39.49,38.1886,10.72668,10.93212,8.093803
