{
  "acc_x": {
    "min": -39.13261,
    "max": 39.26
  },
  "acc_y": {
    "min": -38.92137,
    "max": 39.49
  },
  "acc_z": {
    "min": -31.50025,
    "max": 38.1886
  },
  "gyro_x": {
    "min": -11.62605,
    "max": 10.72668
  },
  "gyro_y": {
    "min": -12.19817,
    "max": 10.93212
  },
  "gyro_z": {
    "min": -6.345545,
    "max": 8.093803
  }
}